category,topic,url,item_count
Detailed Lists for Word Power,Advertising,https://ieltsliz.com/advertising-vocabulary-and-pronunciation/,27
Detailed Lists for Word Power,Art vs The Arts,https://ieltsliz.com/art-or-the-arts-whats-the-difference-useful-vocabulary/,26
Detailed Lists for Word Power,Coronavirus,https://ieltsliz.com/coronavirus-vocabulary-pronunciation/,54
Detailed Lists for Word Power,Crime & Punishment,https://ieltsliz.com/crime-and-punishment-vocabulary/,94
Detailed Lists for Word Power,Education: School & University,https://ieltsliz.com/education-vocabulary-school-and-university/,87
Detailed Lists for Word Power,Environmental Problems,http://www.ieltsliz.com/world-environmental-problems-vocabulary,53
Detailed Lists for Word Power,Extra Practice,https://ieltsliz.com/crime-vocabulary-exercise/,7
Detailed Lists for Word Power,Government,https://ieltsliz.com/government-vocabulary-word-lists/,61
Detailed Lists for Word Power,Newspapers,http://www.ieltsliz.com/newspaper-vocabulary,58
Detailed Lists for Word Power,Plants: Speaking Topic Vocabulary,https://ieltsliz.com/vocabulary-for-plant-topic-ielts-speaking/,46
Detailed Lists for Word Power,Urban Planning: Vocab & Model Answers,https://ieltsliz.com/ielts-topic-urban-planning-design/,14
Idioms,Eat Your Greens Idiom: Video lesson,https://ieltsliz.com/english-expressions-eat-your-greens/,0
Individual Words for IELTS,Academic Reading Vocabulary List 1,https://ieltsliz.com/academic-vocabulary/,8
Individual Words for IELTS,Boys Names,https://ieltsliz.com/common-english-names-for-boys/,0
Individual Words for IELTS,Common / Popular Definition lesson,https://ieltsliz.com/common-popular-vocabulary/,0
Individual Words for IELTS,Detrimental: Practice Lesson,https://ieltsliz.com/detrimental-vocabulary-sample-sentence/,5
Individual Words for IELTS,Girls Name,https://ieltsliz.com/common-girls-names/,0
Individual Words for IELTS,Lacking in / Lack of: Practice Lesson,https://ieltsliz.com/lack-vocabulary-and-sample-sentences/,4
Paraphrasing Successfully,Paraphrasing Video: How to paraphrase and avoid errors,https://ieltsliz.com/ielts-vocabulary-paraphrasing-tips/,0
Short Word Lists for Quick Review,Art: Paintings,https://ieltsliz.com/ielts-speaking-part-3-what-makes-a-good-painting/,10
Short Word Lists for Quick Review,Body Language,https://ieltsliz.com/body-language-vocabulary/,28
Short Word Lists for Quick Review,Camping,https://ieltsliz.com/camping-vocabulary-and-pronunciation/,13
Short Word Lists for Quick Review,Clothes: Casual and Formal,https://ieltsliz.com/clothes-vocabulary/,30
Short Word Lists for Quick Review,Films,https://ieltsliz.com/types-of-films-vocabulary/,24
Short Word Lists for Quick Review,Food: Vegetables,https://ieltsliz.com/vocabulary-for-food-vegetables/,24
Short Word Lists for Quick Review,Musical Instruments,https://ieltsliz.com/musical-instruments-vocabulary/,41
Short Word Lists for Quick Review,People: Parts of the Face,https://ieltsliz.com/parts-of-the-face-vocabulary-for-people/,0
Short Word Lists for Quick Review,Shoes Topic,https://ieltsliz.com/vocabulary-for-shoes/,18
Short Word Lists for Quick Review,Technology,https://ieltsliz.com/technology-vocabulary-for-speaking/,3
Uncountable Nouns,Common Uncountable Nouns List,https://ieltsliz.com/uncountable-nouns-word-list/,198
Vocabulary Lessons for IELTS Writing,Line Graph Vocabulary,https://ieltsliz.com/ielts-line-graph-vocabulary/,62
Vocabulary Lessons for IELTS Writing,Map Vocabulary and Useful Language: 1,https://ieltsliz.com/ielts-maps-vocabulary/,8
Vocabulary Lessons for IELTS Writing,Practice with Linking Words for Essay Writing,https://ieltsliz.com/ielts-writing-task-2-practice-with-linking-words/,5
